{
  "project_info": {
    "project_number": "1096288915550",
    "project_id": "cleaningapplication",
    "storage_bucket": "cleaningapplication.appspot.com"
  },
  "client": [
    {
      "client_info": {
        "mobilesdk_app_id": "1:1096288915550:android:c0156f4b6a369445f424cf",
        "android_client_info": {
          "package_name": "com.example.cleaningapplication"
        }
      },
      "oauth_client": [
        {
          "client_id": "1096288915550-tpbcjkmbt6g6g6ac7qn57aduhbh7l140.apps.googleusercontent.com",
          "client_type": 3
        }
      ],
      "api_key": [
        {
          "current_key": "AIzaSyACF3FhnfCX1WJDq48zf_RuuLVVaMs2wWc"
        }
      ],
      "services": {
        "appinvite_service": {
          "other_platform_oauth_client": [
            {
              "client_id": "1096288915550-tpbcjkmbt6g6g6ac7qn57aduhbh7l140.apps.googleusercontent.com",
              "client_type": 3
            }
          ]
        }
      }
    }
  ],
  "configuration_version": "1"
}